divisorPeriod,sourcePeriod,allocationGroupKey,agency,driverAccount,divisorAmount,ruleVersion,sourcePartitionId
FY02,FY03Q1,EXP7,267,7,2325.60,allocation-v1,LDGR_FY02_partition_B
FY02,FY03Q1,EXP8,267,8,64.12,allocation-v1,LDGR_FY02_partition_B
FY02,FY03Q1,EXP34,267,34,10206.20,allocation-v1,LDGR_FY02_partition_B
FY02,FY03Q1,EXP55,267,55,75418.00,allocation-v1,LDGR_FY02_partition_B
FY02,FY03Q1,EXP56,267,56,16085.58,allocation-v1,LDGR_FY02_partition_B
FY02,FY03Q1,EXP57,267,57,15801.09,allocation-v1,LDGR_FY02_partition_B
FY02,FY03Q1,EXP58,267,58,100.00,allocation-v1,LDGR_FY02_partition_B
FY02,FY03Q1,EXP77,267,77,624.25,allocation-v1,LDGR_FY02_partition_B
FY02,FY03Q1,EXP105,267,105,172590.07,allocation-v1,LDGR_FY02_partition_B
FY02,FY03Q1,EXP112,267,112,122112.60,allocation-v1,LDGR_FY02_partition_B
FY02,FY03Q1,EXP281,267,281,12517.02,allocation-v1,LDGR_FY02_partition_B
FY02,FY03Q1,EXP283,267,283,747219.60,allocation-v1,LDGR_FY02_partition_B
FY02,FY03Q1,EXP300,267,300,67060.21,allocation-v1,LDGR_FY02_partition_B
FY02,FY03Q1,EXP301,267,301,77081.15,allocation-v1,LDGR_FY02_partition_B
FY02,FY03Q1,EXP310,267,310,13283.42,allocation-v1,LDGR_FY02_partition_B
FY02,FY03Q1,EXP311,267,311,6958.24,allocation-v1,LDGR_FY02_partition_B
FY02,FY03Q1,EXP312,267,312,62934.91,allocation-v1,LDGR_FY02_partition_B
FY02,FY03Q1,EXP315,267,315,319200.03,allocation-v1,LDGR_FY02_partition_B
FY02,FY03Q1,EXP316,267,316,36415.63,allocation-v1,LDGR_FY02_partition_B
FY02,FY03Q1,EXP317,267,317,5062.59,allocation-v1,LDGR_FY02_partition_B
FY02,FY03Q1,EXP328,267,328,2645.34,allocation-v1,LDGR_FY02_partition_B
FY02,FY03Q1,EXP340,267,340,1534.68,allocation-v1,LDGR_FY02_partition_B
FY02,FY03Q1,EXP347,267,347,54119.36,allocation-v1,LDGR_FY02_partition_B
FY02,FY03Q1,EXP364,267,364,385.46,allocation-v1,LDGR_FY02_partition_B
FY02,FY03Q1,EXP366,267,366,153.00,allocation-v1,LDGR_FY02_partition_B
FY02,FY03Q1,EXP370,267,370,12775.83,allocation-v1,LDGR_FY02_partition_B
