run_id,run_timestamp,step,file_label,elapsed_s,rows_in,rows_out,storage_bytes
run_20260917_224112,2026-09-17T22:41:12,2,SortedJEFY03q1exp,66.80,None,2843164,624244346
run_20260917_224112,2026-09-17T22:41:12,2,SortedJEFY03q2exp,61.60,None,2599044,570889318
run_20260917_224112,2026-09-17T22:41:12,2,SortedJEFY03q3exp,58.30,None,2659120,584504035
run_20260917_224112,2026-09-17T22:41:12,2,SortedJEFY03q4exp,65.40,None,2996070,658843947
run_20260917_224112,2026-09-17T22:41:12,2,SortedJEFY03rev,26.80,None,1495864,333850504
run_20260917_224112,2026-09-17T22:41:12,3,LDGR2003,66.00,None,581744,81637548
run_20260917_224112,2026-09-17T22:41:12,2,SortedJEFY04q1exp,56.70,None,2582740,567401480
run_20260917_224112,2026-09-17T22:41:12,2,SortedJEFY04q2exp,58.80,None,2700138,593790900
run_20260917_224112,2026-09-17T22:41:12,2,SortedJEFY04q3exp,58.60,None,2772126,610350222
run_20260917_224112,2026-09-17T22:41:12,2,SortedJEFY04q4exp,58.10,None,2688368,591624194
run_20260917_224112,2026-09-17T22:41:12,2,SortedJEFY04rev,25.10,None,1481230,330744830
run_20260917_224112,2026-09-17T22:41:12,3,LDGR2004,49.00,None,510741,71685722
run_20260917_224112,2026-09-17T22:41:12,5,LDGR2003,12.81,581744,700875,32190374
run_20260917_224112,2026-09-17T22:41:12,5,LDGR2004,12.00,510741,626034,28877535
